CLIENT_ID,CODE_GENDER,AMT_INCOME_TOTAL,OVERDUE
Clothilde_13290234437,1,0.008086483,1
Harold_13965855667,1,0.013594304,0
Leland_13160203024,1,0.006333994,1
Marciel_13160719792,0,0.018601414,0
Marinell_13295026108,0,0.008587194,1
Osie_17613139010,0,0.006083639,1
Reetha_13159061968,1,0.013594304,0
Susannah_19946572601,1,0.003329728,0
Webster_13162019944,0,0.005582928,1
